{"accuracy": 0.9736842105263158, "precision": 0.961038961038961, "recall": 1.0, "f1_score": 0.9801324503311258}