{"accuracy": 0.9824561403508771, "precision": 0.9714285714285714, "recall": 1.0, "f1_score": 0.9855072463768116}