{"accuracy": 0.9736842105263158, "precision": 0.9733333333333334, "recall": 0.9864864864864865, "f1_score": 0.9798657718120806}